run_id,elapsed_s,kalman_enabled,side,samples,leader_det_rate_pct,follower_det_rate_pct,det_rate_pct,stale_rate_pct,dsteer_mean_abs,dthr_mean_abs,pred_mae,pred_flips,steer_saturated_pct,throttle_saturated_pct,steer_max,throttle_max,steer_cmd_mean,steer_cmd_min,steer_cmd_max,steer_cmd_mean_abs,throttle_cmd_mean,throttle_cmd_min,throttle_cmd_max,throttle_cmd_mean_abs,mean_distance,min_distance,distance_error_mean,mean_formation_error,near_miss_count,fps
20260607_152856,5.012,1,Left,59,55.932203,55.932203,55.932203,0.000000,0.002423,0.026181,0.026696,1,0.000000,0.000000,0.142948,0.772336,0.009500,0.000000,0.142948,0.009500,0.259849,0.000000,0.772336,0.259849,58.582762,33.792552,16.475236,0.124822,0,267.82
20260607_152856,5.012,1,Right,59,55.932203,55.932203,55.932203,0.000000,0.004301,0.027341,0.028610,1,0.000000,0.000000,0.108407,0.806507,0.003306,-0.108407,0.072663,0.009839,0.265989,0.000000,0.806507,0.265989,70.276637,41.238097,17.864060,0.113030,0,267.82
20260607_152856,10.016,1,Left,120,78.333333,78.333333,78.333333,0.000000,0.006468,0.021884,0.031098,4,0.000000,0.000000,0.159379,0.807406,0.010078,-0.159379,0.154465,0.047797,0.431936,0.000000,0.807406,0.431936,61.335635,31.917596,20.108064,0.167175,0,464.43
20260607_152856,10.016,1,Right,119,78.151261,78.151261,78.151261,0.000000,0.011605,0.036002,0.047265,4,0.000000,0.000000,0.225702,0.871925,0.012152,-0.225702,0.174471,0.048193,0.390052,0.000000,0.871925,0.390052,74.296020,34.022500,25.870077,0.178051,0,464.43
20260607_152856,15.021,1,Left,182,85.714286,85.714286,85.714286,0.000000,0.015975,0.024610,0.059360,7,0.000000,0.000000,0.608150,0.900000,0.003687,-0.257011,0.608150,0.078388,0.550604,0.000000,0.900000,0.550604,72.079320,31.351792,30.277670,0.214065,0,451.10
20260607_152856,15.021,1,Right,181,85.635359,85.635359,85.635359,0.000000,0.026189,0.038769,0.090624,10,0.000000,0.000000,0.707792,0.890853,0.018411,-0.707792,0.380381,0.101149,0.469028,0.000000,0.890853,0.469028,82.024705,17.999634,35.865694,0.257104,7,451.10
20260607_152856,20.023,1,Left,241,89.211618,88.381743,89.211618,0.000000,0.013715,0.019829,0.048413,9,0.000000,0.000000,0.608150,0.900000,0.018710,-0.257011,0.608150,0.080771,0.619955,0.000000,0.900000,0.619955,81.457010,31.351792,39.228374,0.236112,0,247.20
20260607_152856,20.023,1,Right,240,89.166667,89.166667,89.166667,0.000000,0.022154,0.033405,0.073500,12,0.000000,0.000000,0.707792,0.950000,0.013669,-0.707792,0.380381,0.092027,0.569257,0.000000,0.950000,0.569257,115.300965,17.999634,67.016661,0.278465,7,247.20
20260607_152856,25.034,1,Left,300,91.333333,90.666667,91.333333,0.000000,0.012071,0.016355,0.041112,10,0.000000,0.000000,0.608150,0.900000,0.022822,-0.257011,0.608150,0.074066,0.651507,0.000000,0.900000,0.651507,79.963947,31.351792,37.492210,0.228862,0,248.55
20260607_152856,25.034,1,Right,297,91.245791,91.245791,91.245791,0.000000,0.018873,0.027574,0.061207,13,0.000000,0.000000,0.707792,0.950000,0.023869,-0.707792,0.380381,0.088736,0.622930,0.000000,0.950000,0.622930,118.399284,17.999634,68.940612,0.276806,7,248.55
20260607_152856,30.041,1,Left,351,92.592593,92.022792,92.592593,0.000000,0.010675,0.015120,0.035779,12,0.000000,0.000000,0.608150,0.900000,0.023419,-0.257011,0.608150,0.067218,0.670741,0.000000,0.900000,0.670741,79.221561,31.351792,36.610809,0.222432,0,448.40
20260607_152856,30.041,1,Right,347,92.507205,92.507205,92.507205,0.000000,0.020320,0.028574,0.063321,16,0.000000,0.000000,0.707792,0.950000,0.018056,-0.707792,0.380381,0.087313,0.632303,0.000000,0.950000,0.632303,112.388241,17.999634,62.591578,0.264905,7,448.40
20260607_152856,35.048,1,Left,400,93.500000,93.000000,93.500000,0.000000,0.009627,0.014042,0.032324,13,0.000000,0.000000,0.608150,0.900000,0.021021,-0.257011,0.608150,0.059454,0.683167,0.000000,0.900000,0.683167,78.098788,31.351792,35.390185,0.215263,0,269.00
20260607_152856,35.048,1,Right,396,93.434343,93.434343,93.434343,0.000000,0.020154,0.029163,0.061980,20,0.000000,0.000000,0.707792,0.950000,0.014702,-0.707792,0.380381,0.093403,0.645955,0.000000,0.950000,0.645955,110.162328,17.999634,60.074971,0.264988,7,269.00
20260607_152856,40.049,1,Left,449,94.209354,93.763920,94.209354,0.000000,0.009131,0.012806,0.030181,14,0.000000,0.000000,0.608150,0.900000,0.022639,-0.257011,0.608150,0.056878,0.691781,0.000000,0.900000,0.691781,77.748827,31.351792,34.965043,0.212926,0,245.11
20260607_152856,40.049,1,Right,445,94.157303,94.157303,94.157303,0.000000,0.021500,0.027531,0.064532,23,0.000000,0.000000,0.707792,0.950000,0.022966,-0.707792,0.388262,0.104039,0.665975,0.000000,0.950000,0.665975,108.960144,17.999634,58.430694,0.271436,7,245.11
20260607_152856,45.060,1,Left,503,94.831014,94.433400,94.831014,0.000000,0.008622,0.011776,0.028155,16,0.000000,0.000000,0.608150,0.900000,0.024132,-0.257011,0.608150,0.054695,0.701459,0.000000,0.900000,0.701459,77.410620,31.351792,34.561875,0.210825,0,455.85
20260607_152856,45.060,1,Right,499,94.789579,94.789579,94.789579,0.000000,0.021822,0.028552,0.065040,27,0.000000,0.000000,0.707792,0.950000,0.027212,-0.707792,0.388262,0.112876,0.673092,0.000000,0.950000,0.673092,107.698394,17.999634,56.794559,0.273223,7,455.85
20260607_152856,50.071,1,Left,557,95.332136,94.973070,95.332136,0.000000,0.007940,0.011121,0.026221,17,0.000000,0.000000,0.608150,0.900000,0.021946,-0.257011,0.608150,0.049546,0.708189,0.000000,0.900000,0.708189,76.807758,31.351792,33.907264,0.206917,0,415.24
20260607_152856,50.071,1,Right,552,95.289855,95.289855,95.289855,0.000000,0.022537,0.029190,0.066681,29,0.000000,0.000000,0.707792,0.950000,0.021280,-0.707792,0.388262,0.114888,0.692241,0.000000,0.950000,0.692241,111.816311,17.999634,60.674603,0.279378,7,415.24
20260607_152856,55.080,1,Left,603,95.688226,95.356551,95.688226,0.000000,0.008415,0.010976,0.027596,20,0.000000,0.000000,0.608150,0.949229,0.024060,-0.257011,0.608150,0.049554,0.714322,0.000000,0.949229,0.714322,76.580201,31.351792,33.643264,0.205992,0,245.41
20260607_152856,55.080,1,Right,598,95.652174,95.652174,95.652174,0.000000,0.022882,0.029830,0.067465,32,0.000000,0.000000,0.707792,0.950000,0.016240,-0.707792,0.388262,0.115741,0.693573,0.000000,0.950000,0.693573,109.791316,17.999634,58.618278,0.276164,7,245.41
20260607_152856,60.091,1,Left,651,96.006144,95.391705,96.006144,0.000000,0.008179,0.010698,0.026672,21,0.000000,0.000000,0.608150,0.949229,0.022643,-0.257011,0.608150,0.048292,0.716120,0.000000,0.949229,0.716120,76.073116,31.351792,33.103870,0.204214,0,457.69
20260607_152856,60.091,1,Right,645,95.968992,95.968992,95.968992,0.000000,0.024056,0.029375,0.069323,34,0.000000,0.000000,0.707792,0.950000,0.020541,-0.707792,0.516497,0.123169,0.702447,0.000000,0.950000,0.702447,110.236777,17.999634,58.859136,0.282706,7,457.69
20260607_152856,65.099,1,Left,703,96.301565,95.732575,96.301565,0.000000,0.007787,0.010164,0.025338,22,0.000000,0.000000,0.608150,0.949229,0.023670,-0.257011,0.608150,0.047421,0.722515,0.000000,0.949229,0.722515,76.856347,31.351792,33.857271,0.205308,0,450.66
20260607_152856,65.099,1,Right,697,96.269727,96.269727,96.269727,0.000000,0.023367,0.027565,0.067896,35,0.000000,0.000000,0.707792,0.950000,0.024714,-0.707792,0.516497,0.123976,0.716874,0.000000,0.950000,0.716874,113.013027,17.999634,61.442416,0.286724,7,450.66
20260607_152856,70.100,1,Left,758,96.569921,96.042216,96.569921,0.000000,0.007542,0.009649,0.024183,24,0.000000,0.000000,0.608150,0.949229,0.024986,-0.257011,0.608150,0.047014,0.726821,0.000000,0.949229,0.726821,76.616485,31.351792,33.590470,0.204399,0,250.11
20260607_152856,70.100,1,Right,752,96.542553,96.542553,96.542553,0.000000,0.023069,0.026970,0.067664,38,0.000000,0.000000,0.707792,0.950000,0.022263,-0.707792,0.516497,0.123757,0.715141,0.000000,0.950000,0.715141,110.298408,17.999634,58.557066,0.280424,7,250.11
20260607_152856,75.106,1,Left,809,96.786156,96.291718,96.786156,0.000000,0.007173,0.009570,0.023184,25,0.000000,0.000000,0.608150,0.949229,0.023517,-0.257011,0.608150,0.044157,0.729598,0.000000,0.949229,0.729598,76.234828,31.351792,33.187214,0.201832,0,271.86
20260607_152856,75.106,1,Right,801,96.754057,96.754057,96.754057,0.000000,0.024170,0.028915,0.070987,40,0.000000,0.000000,0.707792,0.950000,0.018686,-0.707792,0.516497,0.127252,0.719977,0.000000,0.950000,0.719977,111.479926,17.999634,59.724994,0.283733,7,271.86
20260607_152856,80.107,1,Left,860,96.976744,96.511628,96.976744,0.000000,0.006905,0.009232,0.022438,27,0.000000,0.000000,0.608150,0.949229,0.024004,-0.257011,0.608150,0.043420,0.731795,0.000000,0.949229,0.731795,76.102501,31.351792,33.035931,0.200833,0,455.85
20260607_152856,80.107,1,Right,851,96.944771,96.944771,96.944771,0.000000,0.024798,0.028121,0.072397,44,0.000000,0.000000,0.707792,0.950000,0.019320,-0.707792,0.516497,0.133338,0.730571,0.000000,0.950000,0.730571,112.426537,17.999634,60.543558,0.289841,7,455.85
20260607_152856,85.120,1,Left,913,97.152245,96.714129,97.152245,0.000000,0.006772,0.009018,0.021981,28,0.000000,0.000000,0.608150,0.949229,0.024849,-0.257011,0.608150,0.043138,0.734370,0.000000,0.949229,0.734370,75.830116,31.351792,32.746155,0.200033,0,242.64
20260607_152856,85.120,1,Right,903,97.120709,97.120709,97.120709,0.000000,0.025390,0.028661,0.073791,45,0.000000,0.000000,0.707792,0.950000,0.024798,-0.707792,0.595694,0.137769,0.729364,0.000000,0.950000,0.729364,114.049193,17.999634,62.224498,0.294200,7,242.64
20260607_152856,90.122,1,Left,968,97.314050,96.900826,97.314050,0.000000,0.006652,0.008620,0.021488,30,0.000000,0.000000,0.608150,0.949229,0.025264,-0.257011,0.608150,0.043327,0.736516,0.000000,0.949229,0.736516,75.402954,31.351792,32.303016,0.199141,0,462.23
20260607_152856,90.122,1,Right,958,97.286013,97.286013,97.286013,0.000000,0.024282,0.027016,0.070625,47,0.000000,0.000000,0.707792,0.950000,0.023375,-0.707792,0.595694,0.135091,0.739160,0.000000,0.950000,0.739160,120.833969,17.999634,68.888710,0.298588,7,462.23
20260607_152856,95.131,1,Left,1023,97.458456,97.067449,97.458456,0.000000,0.006397,0.008263,0.020741,31,0.000000,0.000000,0.608150,0.949229,0.024178,-0.257011,0.608150,0.041270,0.738728,0.000000,0.949229,0.738728,75.354272,31.351792,32.240119,0.197910,0,453.63
20260607_152856,95.131,1,Right,1013,97.433366,97.433366,97.433366,0.000000,0.023180,0.025838,0.067515,48,0.000000,0.000000,0.707792,0.950000,0.023083,-0.707792,0.595694,0.129625,0.743440,0.000000,0.950000,0.743440,119.669370,17.999634,67.616985,0.293567,7,453.63
20260607_152856,100.136,1,Left,1073,97.576887,97.204101,97.576887,0.000000,0.006289,0.007998,0.020192,33,0.000000,0.000000,0.608150,0.949229,0.024522,-0.257011,0.608150,0.040817,0.740362,0.000000,0.949229,0.740362,75.343635,31.351792,32.217856,0.197732,0,457.19
20260607_152856,100.136,1,Right,1062,97.551789,97.551789,97.551789,0.000000,0.022561,0.027164,0.065915,49,0.000000,0.000000,0.707792,0.950000,0.024721,-0.707792,0.595694,0.127390,0.742526,0.000000,0.950000,0.742526,118.159931,17.999634,66.021686,0.288975,7,457.19
20260607_152856,105.142,1,Left,1125,97.688889,97.333333,97.688889,0.000000,0.006184,0.007892,0.019620,35,0.000000,0.000000,0.608150,0.949229,0.024719,-0.257011,0.608150,0.040262,0.742096,0.000000,0.949229,0.742096,75.154511,31.351792,32.017762,0.197105,0,452.56
20260607_152856,105.142,1,Right,1114,97.666068,97.666068,97.666068,0.000000,0.022862,0.029062,0.066088,53,0.000000,0.000000,0.707792,0.950000,0.026330,-0.707792,0.595694,0.130083,0.737167,0.000000,0.950000,0.737167,116.335018,17.999634,64.149229,0.287077,7,452.56
20260607_152856,110.153,1,Left,1171,97.779675,97.438087,97.779675,0.000000,0.006135,0.007689,0.019198,36,0.000000,0.000000,0.608150,0.949229,0.025217,-0.257011,0.608150,0.040149,0.743589,0.000000,0.949229,0.743589,75.278131,31.351792,32.132508,0.197479,0,273.60
20260607_152856,110.153,1,Right,1160,97.758621,97.758621,97.758621,0.000000,0.022484,0.027985,0.065286,54,0.000000,0.000000,0.707792,0.950000,0.022582,-0.707792,0.595694,0.128179,0.743789,0.000000,0.950000,0.743789,119.246427,17.999634,66.992412,0.289429,7,273.60
20260607_152856,115.154,1,Left,1219,97.867104,97.538966,97.867104,0.000000,0.005893,0.007674,0.018638,37,0.000000,0.000000,0.608150,0.949229,0.024224,-0.257011,0.608150,0.038568,0.743828,0.000000,0.949229,0.743828,75.082213,31.351792,31.928062,0.195955,0,232.45
20260607_152856,115.154,1,Right,1208,97.847682,97.847682,97.847682,0.000000,0.022017,0.028397,0.064317,57,0.000000,0.000000,0.707792,0.950000,0.024673,-0.707792,0.595694,0.126419,0.745137,0.000000,0.950000,0.745137,118.801485,17.999634,66.521266,0.288084,7,232.45
20260607_152856,120.157,1,Left,1265,97.944664,97.628458,97.944664,0.000000,0.006734,0.008252,0.020446,42,0.000000,0.000000,0.608150,0.949229,0.024435,-0.257011,0.608150,0.040966,0.743430,0.000000,0.949229,0.743430,75.015370,31.351792,31.865869,0.196737,0,462.54
20260607_152856,120.157,1,Right,1254,97.926635,97.926635,97.926635,0.000000,0.021493,0.028159,0.062788,58,0.000000,0.000000,0.707792,0.950000,0.023559,-0.707792,0.595694,0.123465,0.745915,0.000000,0.950000,0.745915,118.126480,17.999634,65.786796,0.285060,7,462.54
20260607_152856,125.166,1,Left,1312,98.018293,96.951220,98.018293,0.000000,0.007007,0.008761,0.021221,44,0.000000,0.000000,0.608150,0.949229,0.025903,-0.257011,0.608150,0.043300,0.746896,0.000000,0.949229,0.746896,76.380561,31.351792,33.223454,0.200711,0,396.21
20260607_152856,125.166,1,Right,1301,98.001537,98.001537,98.001537,0.000000,0.021909,0.028942,0.063695,61,0.000000,0.000000,0.707792,0.950000,0.024539,-0.707792,0.595694,0.123596,0.743254,0.000000,0.950000,0.743254,120.661143,17.999634,68.487994,0.288190,10,396.21
20260607_152856,130.168,1,Left,1356,98.082596,97.050147,98.082596,0.000000,0.006995,0.008571,0.021281,45,0.000000,0.000000,0.608150,0.949229,0.024642,-0.257011,0.608150,0.043103,0.749703,0.000000,0.949229,0.749703,77.056463,31.351792,33.892724,0.202345,0,446.73
20260607_152856,130.168,1,Right,1345,98.066914,98.066914,98.066914,0.000000,0.021408,0.027995,0.062289,63,0.000000,0.000000,0.707792,0.950000,0.024175,-0.707792,0.595694,0.121989,0.748381,0.000000,0.950000,0.748381,125.067001,17.999634,72.837324,0.290926,10,446.73
20260607_152856,135.174,1,Left,1405,98.149466,97.153025,98.149466,0.000000,0.006858,0.008344,0.020942,46,0.000000,0.000000,0.608150,0.949229,0.025095,-0.257011,0.608150,0.042911,0.750968,0.000000,0.949229,0.750968,77.073686,31.351792,33.903058,0.202534,0,468.69
20260607_152856,135.174,1,Right,1394,98.134864,98.134864,98.134864,0.000000,0.020841,0.027150,0.060711,64,0.000000,0.000000,0.707792,0.950000,0.023790,-0.707792,0.595694,0.119242,0.750827,0.000000,0.950000,0.750827,124.267653,17.999634,71.979303,0.288341,10,468.69
20260607_152856,140.174,1,Left,1448,98.204420,97.237569,98.204420,0.000000,0.006817,0.008205,0.020693,48,0.000000,0.000000,0.608150,0.949229,0.025444,-0.257011,0.608150,0.042731,0.751130,0.000000,0.949229,0.751130,76.997951,31.351792,33.821668,0.202336,0,251.79
20260607_152856,140.174,1,Right,1437,98.190675,98.190675,98.190675,0.000000,0.020602,0.027376,0.060134,65,0.000000,0.000000,0.707792,0.950000,0.025251,-0.707792,0.595694,0.118553,0.749940,0.000000,0.950000,0.749940,122.979260,17.999634,70.642780,0.285296,10,251.79
20260607_152856,145.180,1,Left,1497,98.263193,97.194389,98.263193,0.000000,0.007588,0.008313,0.022498,53,0.000000,0.000000,0.608150,0.949229,0.024051,-0.257011,0.608150,0.043719,0.752237,0.000000,0.949229,0.752237,76.770952,31.351792,33.588628,0.202304,0,444.41
20260607_152856,145.180,1,Right,1486,98.250336,98.250336,98.250336,0.000000,0.021125,0.028769,0.061495,69,0.000000,0.000000,0.707792,0.950000,0.026336,-0.707792,0.595694,0.122610,0.745743,0.000000,0.950000,0.745743,121.604980,17.999634,69.263413,0.285973,10,444.41
20260607_152856,150.190,1,Left,1545,98.317152,96.375405,98.317152,0.000000,0.007603,0.008194,0.022708,54,0.000000,0.000000,0.608150,0.949229,0.025558,-0.257011,0.608150,0.044615,0.753810,0.000000,0.949229,0.753810,77.146243,31.351792,33.958380,0.203692,0,263.78
20260607_152856,150.190,1,Right,1534,98.305085,98.305085,98.305085,0.000000,0.020857,0.028013,0.061081,70,0.000000,0.000000,0.707792,0.950000,0.023024,-0.707792,0.595694,0.121661,0.750627,0.000000,0.950000,0.750627,124.677914,17.999634,72.287770,0.288326,10,263.78
20260607_152856,155.198,1,Left,1593,98.367859,96.484620,98.367859,0.000000,0.007525,0.008088,0.022453,55,0.000000,0.000000,0.608150,0.949229,0.025074,-0.257011,0.608150,0.044272,0.754071,0.000000,0.949229,0.754071,77.000588,31.351792,33.807526,0.203366,0,422.22
20260607_152856,155.198,1,Right,1582,98.356511,98.356511,98.356511,0.000000,0.020334,0.027252,0.059663,71,0.000000,0.000000,0.707792,0.950000,0.024035,-0.707792,0.595694,0.119679,0.753879,0.000000,0.950000,0.753879,124.613957,17.999634,72.178233,0.287485,10,422.22
20260607_152856,160.208,1,Left,1643,98.417529,96.591601,98.417529,0.000000,0.007376,0.007973,0.021944,57,0.000000,0.000000,0.608150,0.949229,0.025213,-0.257011,0.608150,0.043827,0.755384,0.000000,0.949229,0.755384,77.076392,31.351792,33.878241,0.203434,0,457.05
20260607_152856,160.208,1,Right,1632,98.406863,98.406863,98.406863,0.000000,0.019801,0.026478,0.058151,73,0.000000,0.000000,0.707792,0.950000,0.024533,-0.707792,0.595694,0.117246,0.753081,0.000000,0.950000,0.753081,122.899997,17.999634,70.419691,0.282347,10,457.05
20260607_152856,165.214,1,Left,1697,98.467885,96.700059,98.467885,0.000000,0.007309,0.007972,0.021494,59,0.000000,0.000000,0.608150,0.949229,0.025173,-0.257011,0.608150,0.043195,0.755867,0.000000,0.949229,0.755867,77.044680,31.351792,33.841376,0.203241,0,460.66
20260607_152856,165.214,1,Right,1685,98.456973,98.456973,98.456973,0.000000,0.019965,0.026713,0.058476,77,0.000000,0.000000,0.707792,0.950000,0.023863,-0.707792,0.595694,0.115756,0.751722,0.000000,0.950000,0.751722,122.679567,17.999634,70.243935,0.281464,10,460.66
20260607_152856,170.216,1,Left,1748,98.512586,96.796339,98.512586,0.000000,0.008165,0.008817,0.023600,65,0.000000,0.000000,0.608150,0.949229,0.024566,-0.257011,0.608150,0.045287,0.753059,0.000000,0.949229,0.753059,76.613536,18.231437,33.514501,0.204034,4,255.69
20260607_152856,170.216,1,Right,1735,98.501441,98.501441,98.501441,0.000000,0.019897,0.027491,0.058071,79,0.000000,0.000000,0.707792,0.950000,0.024462,-0.707792,0.595694,0.115390,0.749174,0.000000,0.950000,0.749174,121.747505,17.999634,69.341605,0.280203,12,255.69
20260607_152856,175.227,1,Left,1796,98.552339,96.102450,98.552339,0.000000,0.008570,0.008808,0.024537,68,0.000000,0.000000,0.608150,0.949229,0.025965,-0.257011,0.608150,0.046805,0.756324,0.000000,0.949229,0.756324,79.080077,18.231437,35.974030,0.208075,4,433.25
20260607_152856,175.227,1,Right,1783,98.541784,98.541784,98.541784,0.000000,0.020665,0.027385,0.060195,83,0.000000,0.000000,0.707792,0.950000,0.024442,-0.707792,0.595694,0.117245,0.748973,0.000000,0.950000,0.748973,124.673567,17.999634,72.388612,0.284728,15,433.25
20260607_152856,180.233,1,Left,1847,98.592312,96.210070,98.592312,0.000000,0.008333,0.008585,0.024082,69,0.000000,0.000000,0.608150,0.949229,0.025248,-0.257011,0.608150,0.045513,0.760248,0.000000,0.949229,0.760248,81.891694,18.231437,38.778601,0.211127,4,252.73
20260607_152856,180.233,1,Right,1834,98.582334,98.582334,98.582334,0.000000,0.020239,0.026624,0.059050,85,0.000000,0.000000,0.707792,0.950000,0.023721,-0.707792,0.595694,0.115845,0.753172,0.000000,0.950000,0.753172,129.945836,17.999634,77.616236,0.287492,15,252.73
20260607_152856,185.235,1,Left,1898,98.630137,96.311907,98.630137,0.000000,0.008603,0.008443,0.024551,73,0.000000,0.000000,0.608150,0.949229,0.025270,-0.257011,0.608150,0.046572,0.762830,0.000000,0.949229,0.762830,82.714082,18.231437,39.594327,0.213294,4,232.45
20260607_152856,185.235,1,Right,1885,98.620690,98.620690,98.620690,0.000000,0.019743,0.026011,0.057612,86,0.000000,0.000000,0.707792,0.950000,0.023703,-0.707792,0.595694,0.113334,0.756231,0.000000,0.950000,0.756231,130.359018,17.999634,77.987221,0.286868,15,232.45
20260607_152856,190.242,1,Left,1948,98.665298,96.406571,98.665298,0.000000,0.009963,0.009981,0.027495,77,0.000000,0.000000,0.659516,0.950000,0.024277,-0.376615,0.659516,0.050400,0.760824,0.000000,0.950000,0.760824,83.432590,18.231437,40.379042,0.216135,7,454.17
20260607_152856,190.242,1,Right,1935,98.656331,98.656331,98.656331,0.000000,0.019501,0.026201,0.056900,87,0.000000,0.000000,0.707792,0.950000,0.024482,-0.707792,0.595694,0.112683,0.754465,0.000000,0.950000,0.754465,129.435276,17.999634,77.024298,0.284853,15,454.17
20260607_152856,195.245,1,Left,2003,98.701947,96.505242,98.701947,0.000000,0.009831,0.009707,0.027257,79,0.000000,0.000000,0.659516,0.950000,0.025377,-0.376615,0.659516,0.050783,0.764646,0.000000,0.950000,0.764646,88.157185,18.231437,45.095177,0.220497,7,456.50
20260607_152856,195.245,1,Right,1989,98.692810,98.692810,98.692810,0.000000,0.019194,0.026305,0.056092,89,0.000000,0.000000,0.707792,0.950000,0.025022,-0.707792,0.595694,0.112927,0.752693,0.000000,0.950000,0.752693,128.645863,17.999634,76.198055,0.283607,15,456.50
20260607_152856,200.246,1,Left,2053,98.733561,96.590356,98.733561,0.000000,0.009698,0.009471,0.026819,80,0.000000,0.000000,0.659516,0.950000,0.025468,-0.376615,0.659516,0.050255,0.767942,0.000000,0.950000,0.767942,91.162558,18.231437,48.093259,0.223570,7,255.80
20260607_152856,200.246,1,Right,2039,98.724865,98.724865,98.724865,0.000000,0.019117,0.025755,0.056007,90,0.000000,0.000000,0.707792,0.950000,0.023202,-0.707792,0.595694,0.113049,0.755319,0.000000,0.950000,0.755319,129.075796,17.999634,76.592719,0.284719,15,255.80
20260607_152856,205.259,1,Left,2108,98.766603,96.679317,98.766603,0.000000,0.009833,0.009274,0.026834,84,0.000000,0.000000,0.659516,0.950000,0.026021,-0.376615,0.659516,0.050162,0.771260,0.000000,0.950000,0.771260,92.841034,18.231437,49.764118,0.226306,7,262.03
20260607_152856,205.259,1,Right,2092,98.757170,98.757170,98.757170,0.000000,0.019062,0.025295,0.055861,92,0.000000,0.000000,0.707792,0.950000,0.024705,-0.707792,0.595694,0.114730,0.755150,0.000000,0.950000,0.755150,127.892867,17.999634,75.374270,0.283564,15,262.03
20260607_152856,210.271,1,Left,2156,98.794063,96.753247,98.794063,0.000000,0.009983,0.009214,0.027457,86,0.000000,0.000000,0.659516,0.950000,0.025512,-0.376615,0.659516,0.051230,0.772282,0.000000,0.950000,0.772282,92.781275,18.231437,49.698034,0.227114,7,438.83
20260607_152856,210.271,1,Right,2140,98.785047,98.785047,98.785047,0.000000,0.018937,0.024890,0.055611,93,0.000000,0.000000,0.707792,0.950000,0.025300,-0.707792,0.595694,0.115911,0.756280,0.000000,0.950000,0.756280,127.397256,17.999634,74.848027,0.283594,15,438.83
20260607_152856,215.274,1,Left,2202,98.819255,96.821072,98.819255,0.000000,0.009907,0.009117,0.027300,87,0.000000,0.000000,0.659516,0.950000,0.025238,-0.376615,0.659516,0.050966,0.772790,0.000000,0.950000,0.772790,92.577438,18.231437,49.488397,0.227011,7,410.52
20260607_152856,215.274,1,Right,2186,98.810613,98.810613,98.810613,0.000000,0.019322,0.024624,0.056653,96,0.000000,0.000000,0.707792,0.950000,0.023002,-0.707792,0.595694,0.117683,0.757700,0.000000,0.950000,0.757700,126.949713,17.999634,74.372405,0.284334,15,410.52
20260607_152856,220.282,1,Left,2251,98.844958,96.712572,98.844958,0.000000,0.009820,0.009050,0.027044,88,0.000000,0.000000,0.659516,0.950000,0.025525,-0.376615,0.659516,0.050692,0.772860,0.000000,0.950000,0.772860,92.210782,18.231437,49.115827,0.226293,7,231.76
20260607_152856,220.282,1,Right,2234,98.836168,98.836168,98.836168,0.000000,0.019515,0.024840,0.057140,98,0.000000,0.000000,0.707792,0.950000,0.023655,-0.707792,0.606241,0.120159,0.757143,0.000000,0.950000,0.757143,128.302316,17.999634,75.717608,0.286712,15,231.76
20260607_152856,225.290,1,Left,2297,98.868089,96.778407,98.868089,0.000000,0.009717,0.008929,0.026713,90,0.000000,0.000000,0.659516,0.950000,0.025570,-0.376615,0.659516,0.050234,0.772884,0.000000,0.950000,0.772884,91.734947,18.231437,48.634670,0.225134,7,247.61
20260607_152856,225.290,1,Right,2280,98.859649,98.859649,98.859649,0.000000,0.019269,0.024339,0.056433,99,0.000000,0.000000,0.707792,0.950000,0.024529,-0.707792,0.606241,0.119086,0.760025,0.000000,0.950000,0.760025,130.043767,17.999634,77.432876,0.288060,15,247.61
20260607_152856,230.292,1,Left,2348,98.892675,96.848382,98.892675,0.000000,0.009586,0.008795,0.026307,92,0.000000,0.000000,0.659516,0.950000,0.025622,-0.376615,0.659516,0.049750,0.772870,0.000000,0.950000,0.772870,91.271379,18.231437,48.165450,0.224127,7,238.26
20260607_152856,230.292,1,Right,2331,98.884599,98.884599,98.884599,0.000000,0.018891,0.024151,0.055432,100,0.000000,0.000000,0.707792,0.950000,0.024131,-0.707792,0.606241,0.116619,0.759574,0.000000,0.950000,0.759574,129.146366,17.999634,76.507667,0.285173,15,238.26
20260607_152856,235.295,1,Left,2394,98.913952,96.908939,98.913952,0.000000,0.009480,0.008674,0.025901,95,0.000000,0.000000,0.659516,0.950000,0.025506,-0.376615,0.659516,0.049170,0.772918,0.000000,0.950000,0.772918,90.953226,18.231437,47.842409,0.223598,7,465.05
20260607_152856,235.295,1,Right,2377,98.906184,98.906184,98.906184,0.000000,0.018725,0.024076,0.055056,102,0.000000,0.000000,0.707792,0.950000,0.023623,-0.707792,0.606241,0.116541,0.760942,0.000000,0.950000,0.760942,128.645855,17.999634,75.983109,0.284758,15,465.05
20260607_152856,240.298,1,Left,2440,98.934426,96.967213,98.934426,0.000000,0.010283,0.009372,0.027554,99,0.000000,0.000000,0.659516,0.950000,0.024608,-0.376615,0.659516,0.050785,0.770954,0.000000,0.950000,0.770954,90.595337,18.231437,47.489353,0.223977,7,187.59
20260607_152856,240.298,1,Right,2424,98.927393,98.927393,98.927393,0.000000,0.018799,0.024537,0.055049,103,0.000000,0.000000,0.707792,0.950000,0.025368,-0.707792,0.606241,0.116845,0.758016,0.000000,0.950000,0.758016,128.131035,17.999634,75.487486,0.284122,15,187.59
20260607_152856,245.306,1,Left,2478,98.950767,97.013721,98.950767,0.000000,0.010333,0.009391,0.027706,100,0.000000,0.000000,0.659516,0.950000,0.025509,-0.376615,0.659516,0.051391,0.772523,0.000000,0.950000,0.772523,91.968290,18.231437,48.858407,0.226007,7,202.14
20260607_152856,245.306,1,Right,2461,98.943519,98.943519,98.943519,0.000000,0.019346,0.024965,0.056008,107,0.000000,0.000000,0.876969,0.950000,0.025963,-0.707792,0.876969,0.119885,0.759393,0.000000,0.950000,0.759393,128.373026,17.999634,75.710876,0.286285,15,202.14
20260607_152856,250.309,1,Left,2519,98.967844,97.062326,98.967844,0.000000,0.010245,0.009271,0.027445,102,0.000000,0.000000,0.659516,0.950000,0.025463,-0.376615,0.659516,0.051190,0.774233,0.000000,0.950000,0.774233,92.953955,18.231437,49.839998,0.227498,7,224.50
20260607_152856,250.309,1,Right,2501,98.960416,98.960416,98.960416,0.000000,0.019882,0.025680,0.057073,108,0.000000,0.000000,0.876969,0.950000,0.023830,-0.707792,0.876969,0.122426,0.759694,0.000000,0.950000,0.759694,130.055325,17.999634,77.382858,0.288475,15,224.50
20260607_152856,255.313,1,Left,2562,98.985168,97.111632,98.985168,0.000000,0.010124,0.009153,0.027124,103,0.000000,0.000000,0.659516,0.950000,0.025379,-0.376615,0.659516,0.050674,0.775219,0.000000,0.950000,0.775219,92.959363,18.231437,49.841274,0.227561,7,459.00
20260607_152856,255.313,1,Right,2544,98.977987,98.977987,98.977987,0.000000,0.019877,0.025305,0.056749,110,0.000000,0.000000,0.876969,0.950000,0.024627,-0.707792,0.876969,0.122666,0.762282,0.000000,0.950000,0.762282,135.326365,17.999634,82.633486,0.291257,15,459.00
20260607_152856,260.320,1,Left,2608,99.003067,97.162577,99.003067,0.000000,0.010038,0.009024,0.026883,104,0.000000,0.000000,0.659516,0.950000,0.025677,-0.376615,0.659516,0.050526,0.775311,0.000000,0.950000,0.775311,92.536776,18.231437,49.414420,0.226678,7,197.47
20260607_152856,260.320,1,Right,2589,98.995751,98.995751,98.995751,0.000000,0.019667,0.024865,0.055992,111,0.000000,0.000000,0.876969,0.950000,0.024977,-0.707792,0.876969,0.121312,0.764676,0.000000,0.950000,0.764676,138.685313,17.999634,85.971808,0.292796,15,197.47
20260607_152856,265.330,1,Left,2648,99.018127,97.205438,99.018127,0.000000,0.009887,0.008917,0.026563,105,0.000000,0.000000,0.659516,0.950000,0.025289,-0.376615,0.659516,0.049763,0.775102,0.000000,0.950000,0.775102,92.168097,18.231437,49.042152,0.225611,7,221.77
20260607_152856,265.330,1,Right,2629,99.011031,99.011031,99.011031,0.000000,0.019412,0.024530,0.055219,113,0.000000,0.000000,0.876969,0.950000,0.025248,-0.707792,0.876969,0.120117,0.766505,0.000000,0.950000,0.766505,138.886568,17.999634,86.155326,0.292796,15,221.77
20260607_152856,270.332,1,Left,2691,99.033816,97.250093,99.033816,0.000000,0.009814,0.008840,0.026284,106,0.000000,0.000000,0.659516,0.950000,0.025519,-0.376615,0.659516,0.049602,0.775246,0.000000,0.950000,0.775246,91.917536,18.231437,48.787853,0.225203,7,386.04
20260607_152856,270.332,1,Right,2671,99.026582,99.026582,99.026582,0.000000,0.019131,0.024193,0.054515,114,0.000000,0.000000,0.876969,0.950000,0.024851,-0.707792,0.876969,0.118228,0.765812,0.000000,0.950000,0.765812,137.775453,17.999634,85.026166,0.289763,15,386.04
20260607_152856,275.332,1,Left,2733,99.048664,97.292353,99.048664,0.000000,0.009741,0.008757,0.026006,108,0.000000,0.000000,0.659516,0.950000,0.025519,-0.376615,0.659516,0.049232,0.775151,0.000000,0.950000,0.775151,91.669118,18.231437,48.535898,0.224743,7,444.74
20260607_152856,275.332,1,Right,2712,99.041298,99.041298,99.041298,0.000000,0.019005,0.024373,0.054071,115,0.000000,0.000000,0.876969,0.950000,0.025106,-0.707792,0.876969,0.117848,0.765101,0.000000,0.950000,0.765101,136.988879,17.999634,84.222520,0.288364,15,444.74
20260607_152856,280.334,1,Left,2777,99.063738,97.335254,99.063738,0.000000,0.009667,0.008779,0.025775,110,0.000000,0.000000,0.659516,0.950000,0.025631,-0.376615,0.659516,0.048968,0.775050,0.000000,0.950000,0.775050,91.319397,18.231437,48.182588,0.223966,7,447.39
20260607_152856,280.334,1,Right,2756,99.056604,99.056604,99.056604,0.000000,0.019611,0.025229,0.055340,117,0.000000,0.000000,0.876969,0.950000,0.025662,-0.707792,0.876969,0.119868,0.763856,0.000000,0.950000,0.763856,136.568169,17.999634,83.809191,0.289049,15,447.39
20260607_152856,285.339,1,Left,2822,99.078668,97.377746,99.078668,0.000000,0.009615,0.008689,0.025626,112,0.000000,0.000000,0.659516,0.950000,0.025840,-0.376615,0.659516,0.049090,0.775094,0.000000,0.950000,0.775094,91.041973,18.231437,47.901611,0.223722,7,452.26
20260607_152856,285.339,1,Right,2798,99.070765,99.070765,99.070765,0.000000,0.019473,0.024850,0.054979,119,0.000000,0.000000,0.876969,0.950000,0.024887,-0.707792,0.876969,0.119923,0.765900,0.000000,0.950000,0.765900,137.803856,17.999634,85.028078,0.290476,15,452.26
20260607_152856,290.346,1,Left,2870,99.094077,97.421603,99.094077,0.000000,0.009553,0.008594,0.025556,113,0.000000,0.000000,0.659516,0.950000,0.025236,-0.376615,0.659516,0.048790,0.775043,0.000000,0.950000,0.775043,90.724819,18.231437,47.580790,0.223137,7,231.12
20260607_152856,290.346,1,Right,2846,99.086437,99.086437,99.086437,0.000000,0.019191,0.024474,0.054300,120,0.000000,0.000000,0.876969,0.950000,0.024918,-0.707792,0.876969,0.118352,0.767901,0.000000,0.950000,0.767901,137.800797,17.999634,85.006434,0.290086,15,231.12
20260607_152856,295.354,1,Left,2912,99.107143,97.458791,99.107143,0.000000,0.009586,0.008607,0.025680,114,0.000000,0.000000,0.659516,0.950000,0.025736,-0.376615,0.659516,0.049365,0.775413,0.000000,0.950000,0.775413,90.496705,18.231437,47.349567,0.223145,7,210.17
20260607_152856,295.354,1,Right,2888,99.099723,99.099723,99.099723,0.000000,0.019676,0.024734,0.055047,125,0.000000,0.000000,0.876969,0.950000,0.025681,-0.707792,0.876969,0.119050,0.766438,0.000000,0.950000,0.766438,137.387938,17.999634,84.705856,0.291082,18,210.17
20260607_152856,300.362,1,Left,2958,99.121028,97.498310,99.121028,0.000000,0.009873,0.009007,0.026057,118,0.000000,0.000000,0.659516,0.950000,0.026592,-0.376615,0.659516,0.050826,0.774949,0.000000,0.950000,0.774949,90.190160,18.231437,47.042997,0.223367,7,391.73
20260607_152856,300.362,1,Right,2934,99.113838,99.113838,99.113838,0.000000,0.019537,0.024407,0.054702,126,0.000000,0.000000,0.876969,0.950000,0.025067,-0.707792,0.876969,0.119121,0.768446,0.000000,0.950000,0.768446,137.795233,17.999634,85.094397,0.291927,18,391.73
20260607_152856,305.375,1,Left,3004,99.134487,97.536618,99.134487,0.000000,0.010200,0.009018,0.026955,120,0.000000,0.000000,0.659516,0.950000,0.025404,-0.376615,0.659516,0.053203,0.775615,0.000000,0.950000,0.775615,90.394894,18.231437,47.244480,0.225081,7,210.55
20260607_152856,305.375,1,Right,2978,99.126931,99.126931,99.126931,0.000000,0.019583,0.024170,0.054696,130,0.000000,0.000000,0.876969,0.950000,0.024330,-0.707792,0.876969,0.119432,0.768259,0.000000,0.950000,0.768259,137.047419,17.999634,84.329191,0.291252,18,210.55
20260607_152856,310.379,1,Left,3048,99.146982,97.572178,99.146982,0.000000,0.010157,0.008928,0.026844,121,0.000000,0.000000,0.659516,0.950000,0.025181,-0.376615,0.659516,0.052877,0.776953,0.000000,0.950000,0.776953,90.960052,18.231437,47.806622,0.226164,7,213.27
20260607_152856,310.379,1,Right,3022,99.139643,99.139643,99.139643,0.000000,0.019877,0.024450,0.055314,131,0.000000,0.000000,0.876969,0.950000,0.025544,-0.707792,0.876969,0.120951,0.766674,0.000000,0.950000,0.766674,136.612454,17.999634,83.949592,0.291897,18,213.27
20260607_152856,315.390,1,Left,3092,99.159120,97.606727,99.159120,0.000000,0.010104,0.008836,0.026751,122,0.000000,0.000000,0.659516,0.950000,0.025493,-0.376615,0.659516,0.052795,0.777455,0.000000,0.950000,0.777455,90.863787,18.231437,47.707427,0.226140,7,227.60
20260607_152856,315.390,1,Right,3066,99.151990,99.151990,99.151990,0.000000,0.019914,0.024132,0.055277,133,0.000000,0.000000,0.876969,0.950000,0.025376,-0.707792,0.876969,0.122055,0.768815,0.000000,0.950000,0.768815,138.824908,17.999634,86.144607,0.294097,18,227.60
20260607_152856,320.390,1,Left,3140,99.171975,97.643312,99.171975,0.000000,0.010060,0.008752,0.026714,124,0.000000,0.000000,0.659516,0.950000,0.025295,-0.376615,0.659516,0.052965,0.777126,0.000000,0.950000,0.777126,90.495653,18.231437,47.336190,0.225557,7,433.16
20260607_152856,320.390,1,Right,3113,99.164793,99.164793,99.164793,0.000000,0.019740,0.023788,0.054874,134,0.000000,0.000000,0.876969,0.950000,0.024514,-0.707792,0.876969,0.120924,0.770737,0.000000,0.950000,0.770737,139.346731,17.999634,86.648351,0.294291,18,433.16
20260607_152856,325.401,1,Left,3187,99.184186,97.678067,99.184186,0.000000,0.010229,0.008729,0.027156,127,0.000000,0.000000,0.659516,0.950000,0.024717,-0.376615,0.659516,0.053521,0.777066,0.000000,0.950000,0.777066,90.272583,18.231437,47.110174,0.225649,7,401.22
20260607_152856,325.401,1,Right,3160,99.177215,99.177215,99.177215,0.000000,0.019640,0.024029,0.054602,135,0.000000,0.000000,0.876969,0.950000,0.024972,-0.707792,0.876969,0.121248,0.769831,0.000000,0.950000,0.769831,138.959916,17.999634,86.244001,0.293866,18,401.22
20260607_152856,330.404,1,Left,3234,99.196042,97.711812,99.196042,0.000000,0.010213,0.008694,0.027094,128,0.000000,0.000000,0.659516,0.950000,0.025471,-0.376615,0.659516,0.053919,0.777909,0.000000,0.950000,0.777909,90.375735,18.231437,47.210466,0.226292,7,228.85
20260607_152856,330.404,1,Right,3207,99.189273,99.189273,99.189273,0.000000,0.019526,0.023738,0.054363,137,0.000000,0.000000,0.876969,0.950000,0.025604,-0.707792,0.876969,0.121717,0.770749,0.000000,0.950000,0.770749,138.738724,17.999634,86.005790,0.293988,18,228.85
20260607_152856,335.416,1,Left,3278,99.206833,97.742526,99.206833,0.000000,0.010141,0.008632,0.026932,130,0.000000,0.000000,0.659516,0.950000,0.025422,-0.376615,0.659516,0.053840,0.777811,0.000000,0.950000,0.777811,90.202136,18.231437,47.034265,0.226154,7,233.04
20260607_152856,335.416,1,Right,3251,99.200246,99.200246,99.200246,0.000000,0.019837,0.023717,0.055247,140,0.000000,0.000000,0.876969,0.950000,0.024133,-0.707792,0.876969,0.122632,0.771104,0.000000,0.950000,0.771104,138.243360,17.999634,85.494944,0.294146,18,233.04
20260607_152856,340.427,1,Left,3326,99.218280,97.775105,99.218280,0.000000,0.010086,0.008593,0.026815,131,0.000000,0.000000,0.659516,0.950000,0.025065,-0.376615,0.659516,0.053676,0.777951,0.000000,0.950000,0.777951,89.961992,18.231437,46.791361,0.225763,7,460.76
20260607_152856,340.427,1,Right,3298,99.211643,99.211643,99.211643,0.000000,0.020015,0.023920,0.055788,142,0.000000,0.000000,0.876969,0.950000,0.024895,-0.707792,0.876969,0.124564,0.770481,0.000000,0.950000,0.770481,138.782336,17.999634,86.032973,0.295652,18,460.76
20260607_152856,345.429,1,Left,3369,99.228258,97.803503,99.228258,0.000000,0.010054,0.008521,0.026809,132,0.000000,0.000000,0.659516,0.950000,0.025535,-0.376615,0.659516,0.053781,0.778197,0.000000,0.950000,0.778197,89.811494,18.231437,46.638458,0.225626,7,412.10
20260607_152856,345.429,1,Right,3341,99.221790,99.221790,99.221790,0.000000,0.019837,0.023612,0.055394,143,0.000000,0.000000,0.876969,0.950000,0.025472,-0.707792,0.876969,0.123858,0.772148,0.000000,0.950000,0.772148,139.883481,17.999634,87.119611,0.296481,18,412.10
20260607_152856,350.431,1,Left,3411,99.237760,97.830548,99.237760,0.000000,0.010018,0.008466,0.026720,133,0.000000,0.000000,0.659516,0.950000,0.025411,-0.376615,0.659516,0.053847,0.778010,0.000000,0.950000,0.778010,89.549798,18.231437,46.374472,0.225231,7,432.89
20260607_152856,350.431,1,Right,3383,99.231451,99.231451,99.231451,0.000000,0.019611,0.023553,0.054829,144,0.000000,0.000000,0.876969,0.950000,0.025175,-0.707792,0.876969,0.122341,0.771557,0.000000,0.950000,0.771557,139.321234,17.999634,86.543554,0.294866,18,432.89
20260607_152856,355.441,1,Left,3457,99.247903,97.859416,99.247903,0.000000,0.009973,0.008385,0.026612,135,0.000000,0.000000,0.659516,0.950000,0.025083,-0.376615,0.659516,0.053755,0.778095,0.000000,0.950000,0.778095,89.409576,18.231437,46.231805,0.225143,7,394.02
20260607_152856,355.441,1,Right,3429,99.241761,99.241761,99.241761,0.000000,0.019641,0.023522,0.054942,146,0.000000,0.000000,0.876969,0.950000,0.024803,-0.707792,0.876969,0.122618,0.772474,0.000000,0.950000,0.772474,138.872084,17.999634,86.079670,0.294768,18,394.02
20260607_152856,360.445,1,Left,3499,99.256931,97.885110,99.256931,0.000000,0.009958,0.008371,0.026552,136,0.000000,0.000000,0.659516,0.950000,0.025520,-0.376615,0.659516,0.053878,0.778350,0.000000,0.950000,0.778350,89.233308,18.231437,46.053363,0.224949,7,216.45
20260607_152856,360.445,1,Right,3471,99.250936,99.250936,99.250936,0.000000,0.019819,0.023784,0.055066,147,0.000000,0.000000,0.876969,0.950000,0.025783,-0.707792,0.876969,0.122991,0.770805,0.000000,0.950000,0.770805,138.492987,17.999634,85.740145,0.294709,18,216.45
20260607_152856,365.451,1,Left,3541,99.265744,97.910195,99.265744,0.000000,0.010010,0.008308,0.026525,138,0.000000,0.000000,0.659516,0.950000,0.025537,-0.376615,0.659516,0.054579,0.778234,0.000000,0.950000,0.778234,89.002977,18.231437,45.820909,0.224879,7,446.73
20260607_152856,365.451,1,Right,3513,99.259892,99.259892,99.259892,0.000000,0.019689,0.023500,0.054675,148,0.000000,0.000000,0.876969,0.950000,0.025103,-0.707792,0.876969,0.122746,0.772350,0.000000,0.950000,0.772350,139.751576,17.999634,86.985306,0.295726,18,446.73
20260607_152856,370.462,1,Left,3582,99.274149,97.934115,99.274149,0.000000,0.010005,0.008252,0.026459,139,0.000000,0.000000,0.659516,0.950000,0.024985,-0.376615,0.659516,0.054376,0.778324,0.000000,0.950000,0.778324,88.886687,18.231437,45.702595,0.224724,7,210.98
20260607_152856,370.462,1,Right,3554,99.268430,99.268430,99.268430,0.000000,0.019530,0.023277,0.054202,150,0.000000,0.000000,0.876969,0.950000,0.024987,-0.707792,0.876969,0.122064,0.773344,0.000000,0.950000,0.773344,139.512070,17.999634,86.733000,0.295307,18,210.98
20260607_152856,375.465,1,Left,3626,99.282956,97.959184,99.282956,0.000000,0.009956,0.008202,0.026322,140,0.000000,0.000000,0.659516,0.950000,0.025438,-0.376615,0.659516,0.054497,0.778473,0.000000,0.950000,0.778473,88.746514,18.231437,45.560301,0.224665,7,449.41
20260607_152856,375.465,1,Right,3598,99.277376,99.277376,99.277376,0.000000,0.019493,0.023465,0.054044,151,0.000000,0.000000,0.876969,0.950000,0.025659,-0.707792,0.876969,0.121778,0.772324,0.000000,0.950000,0.772324,138.999699,17.999634,86.207219,0.294386,18,449.41
20260607_152856,380.479,1,Left,3670,99.291553,97.983651,99.291553,0.000000,0.009926,0.008141,0.026210,142,0.000000,0.000000,0.659516,0.950000,0.025587,-0.376615,0.659516,0.054672,0.778389,0.000000,0.950000,0.778389,88.505638,18.231437,45.317356,0.224312,7,226.99
20260607_152856,380.479,1,Right,3641,99.285910,99.285910,99.285910,0.000000,0.019447,0.023431,0.053835,152,0.000000,0.000000,0.876969,0.950000,0.025543,-0.707792,0.876969,0.122270,0.772803,0.000000,0.950000,0.772803,138.746921,17.999634,85.941651,0.294519,18,226.99
20260607_152856,385.487,1,Left,3708,99.298813,98.004315,99.298813,0.000000,0.009883,0.008106,0.026127,143,0.000000,0.000000,0.659516,0.950000,0.025123,-0.376615,0.659516,0.054313,0.778325,0.000000,0.950000,0.778325,88.370875,18.231437,45.180844,0.224080,7,398.24
20260607_152856,385.487,1,Right,3679,99.293286,99.266105,99.293286,0.000000,0.019643,0.023471,0.054234,154,0.000000,0.000000,0.876969,0.950000,0.024409,-0.707792,0.876969,0.123029,0.773749,0.000000,0.950000,0.773749,138.823048,17.999634,86.006727,0.295266,18,398.24
20260607_152856,390.492,1,Left,3751,99.306852,98.027193,99.306852,0.000000,0.009905,0.008042,0.026064,144,0.000000,0.000000,0.659516,0.950000,0.025267,-0.376615,0.659516,0.054587,0.778427,0.000000,0.950000,0.778427,88.272324,18.231437,45.080359,0.224180,7,451.49
20260607_152856,390.492,1,Right,3721,99.301263,99.274389,99.301263,0.000000,0.019841,0.023377,0.054581,156,0.000000,0.000000,0.876969,0.950000,0.025349,-0.707792,0.876969,0.124546,0.775094,0.000000,0.950000,0.775094,138.801802,17.999634,85.973530,0.296823,18,451.49
20260607_152856,395.504,1,Left,3790,99.313984,98.047493,99.313984,0.000000,0.009925,0.007979,0.026050,146,0.000000,0.000000,0.659516,0.950000,0.025570,-0.376615,0.659516,0.054777,0.778538,0.000000,0.950000,0.778538,88.146836,18.231437,44.953155,0.224127,7,200.25
20260607_152856,395.504,1,Right,3760,99.308511,99.175532,99.308511,0.000000,0.020031,0.023181,0.054633,157,0.000000,0.000000,0.876969,0.950000,0.025940,-0.707792,0.876969,0.125447,0.776653,0.000000,0.950000,0.776653,139.116688,17.999634,86.277559,0.298029,18,200.25
20260607_152856,400.506,1,Left,3833,99.321680,98.069397,99.321680,0.000000,0.009953,0.007917,0.026034,148,0.000000,0.000000,0.659516,0.950000,0.025462,-0.376615,0.659516,0.055267,0.778500,0.000000,0.950000,0.778500,87.970705,18.231437,44.775172,0.224109,7,200.88
20260607_152856,400.506,1,Right,3803,99.316329,99.184854,99.316329,0.000000,0.020143,0.023044,0.054844,158,0.000000,0.000000,0.876969,0.950000,0.024414,-0.707792,0.876969,0.125981,0.778049,0.000000,0.950000,0.778049,138.901471,17.999634,86.050633,0.298503,18,200.88
20260607_152856,405.514,1,Left,3876,99.329205,98.090815,99.329205,0.000000,0.009949,0.007898,0.025999,149,0.000000,0.000000,0.659516,0.950000,0.025092,-0.376615,0.659516,0.055386,0.778777,0.000000,0.950000,0.778777,87.858784,18.231437,44.661441,0.224100,7,446.01
20260607_152856,405.514,1,Right,3846,99.323973,99.193968,99.323973,0.000000,0.020396,0.023254,0.055312,160,0.000000,0.000000,0.876969,0.950000,0.024930,-0.707792,0.876969,0.127888,0.776955,0.000000,0.950000,0.776955,139.080193,17.999634,86.279883,0.299901,18,446.01
20260607_152856,410.527,1,Left,3922,99.337073,98.113208,99.337073,0.000000,0.009950,0.007843,0.026033,150,0.000000,0.000000,0.659516,0.950000,0.025600,-0.376615,0.659516,0.055688,0.779138,0.000000,0.950000,0.779138,87.829623,18.231437,44.630388,0.224351,7,209.88
20260607_152856,410.527,1,Right,3891,99.331791,99.203290,99.331791,0.000000,0.020288,0.022998,0.055054,161,0.000000,0.000000,0.876969,0.950000,0.025589,-0.707792,0.876969,0.127409,0.778417,0.000000,0.950000,0.778417,140.145833,17.999634,87.333095,0.300735,18,209.88
20260607_152856,415.529,1,Left,3964,99.344097,98.133199,99.344097,0.000000,0.010083,0.007811,0.026178,154,0.000000,0.000000,0.659516,0.950000,0.025859,-0.376615,0.659516,0.056194,0.778955,0.000000,0.950000,0.778955,87.609515,18.231437,44.408591,0.224128,7,203.59
20260607_152856,415.529,1,Right,3932,99.338759,99.211597,99.338759,0.000000,0.020159,0.022839,0.054647,162,0.000000,0.000000,0.876969,0.950000,0.025364,-0.707792,0.876969,0.126484,0.779403,0.000000,0.950000,0.779403,140.105037,17.999634,87.281226,0.300341,18,203.59
20260607_152856,420.533,1,Left,4006,99.350974,98.152771,99.350974,0.000000,0.010148,0.007807,0.026373,155,0.000000,0.000000,0.659516,0.950000,0.025265,-0.376615,0.659516,0.056605,0.778848,0.000000,0.950000,0.778848,87.504434,18.231437,44.301857,0.224303,7,460.96
20260607_152856,420.533,1,Right,3974,99.345747,99.219930,99.345747,0.000000,0.020203,0.023031,0.054774,164,0.000000,0.000000,0.876969,0.950000,0.025059,-0.707792,0.876969,0.126791,0.779144,0.000000,0.950000,0.779144,139.815331,17.999634,86.980415,0.300182,18,460.96
20260607_152856,425.539,1,Left,4048,99.357708,98.171937,99.357708,0.000000,0.010128,0.007791,0.026280,157,0.000000,0.000000,0.659516,0.950000,0.025379,-0.376615,0.659516,0.056738,0.779433,0.000000,0.950000,0.779433,87.616515,18.231437,44.412318,0.224765,7,216.52
20260607_152856,425.539,1,Right,4015,99.352428,99.227895,99.352428,0.000000,0.020186,0.022886,0.054764,165,0.000000,0.000000,0.876969,0.950000,0.026301,-0.707792,0.876969,0.127070,0.778996,0.000000,0.950000,0.778996,139.383918,17.999634,86.538386,0.299715,18,216.52
20260607_152856,430.547,1,Left,4092,99.364614,98.191593,99.364614,0.000000,0.010092,0.007781,0.026201,158,0.000000,0.000000,0.659516,0.950000,0.025681,-0.376615,0.659516,0.056703,0.779589,0.000000,0.950000,0.779589,87.526086,18.231437,44.320229,0.224706,7,448.97
20260607_152856,430.547,1,Right,4059,99.359448,99.236265,99.359448,0.000000,0.020502,0.022938,0.055542,169,0.000000,0.000000,0.876969,0.950000,0.025866,-0.707792,0.876969,0.129046,0.779290,0.000000,0.950000,0.779290,138.994611,17.999634,86.137927,0.300641,18,448.97
20260607_152856,435.554,1,Left,4136,99.371373,98.210832,99.371373,0.000000,0.010061,0.007735,0.026161,159,0.000000,0.000000,0.659516,0.950000,0.025229,-0.376615,0.659516,0.056502,0.779390,0.000000,0.950000,0.779390,87.348517,18.231437,44.141035,0.224371,7,194.66
20260607_152856,435.554,1,Right,4103,99.366317,99.244455,99.366317,0.000000,0.020676,0.022823,0.055856,170,0.000000,0.000000,0.876969,0.950000,0.024592,-0.707792,0.876969,0.129530,0.780735,0.000000,0.950000,0.780735,139.519613,17.999634,86.652018,0.301626,18,194.66
20260607_152856,440.563,1,Left,4180,99.377990,98.229665,99.377990,0.000000,0.010038,0.007680,0.026109,161,0.000000,0.000000,0.659516,0.950000,0.025309,-0.376615,0.659516,0.056863,0.779498,0.000000,0.950000,0.779498,87.254863,18.231437,44.045791,0.224475,7,462.28
20260607_152856,440.563,1,Right,4147,99.373041,99.252472,99.373041,0.000000,0.020593,0.022589,0.055695,172,0.000000,0.000000,0.876969,0.950000,0.025131,-0.707792,0.876969,0.129807,0.781964,0.000000,0.950000,0.781964,139.551117,17.999634,86.672844,0.302152,18,462.28
20260607_152856,445.564,1,Left,4224,99.384470,98.248106,99.384470,0.000000,0.010028,0.007667,0.026105,162,0.000000,0.000000,0.659516,0.950000,0.025718,-0.376615,0.659516,0.057025,0.779722,0.000000,0.950000,0.779722,87.132038,18.231437,43.921409,0.224367,7,382.90
20260607_152856,445.564,1,Right,4191,99.379623,99.260320,99.379623,0.000000,0.020611,0.022792,0.055631,173,0.000000,0.000000,0.876969,0.950000,0.025756,-0.707792,0.876969,0.129990,0.780307,0.000000,0.950000,0.780307,139.043070,17.999634,86.178213,0.301716,18,382.90
20260607_152856,450.573,1,Left,4266,99.390530,98.265354,99.390530,0.000000,0.010025,0.007623,0.026119,164,0.000000,0.000000,0.659516,0.950000,0.025568,-0.376615,0.659516,0.057289,0.779571,0.000000,0.950000,0.779571,86.949904,18.231437,43.737819,0.224183,7,452.22
20260607_152856,450.573,1,Right,4233,99.385778,99.267659,99.385778,0.000000,0.020554,0.022578,0.055448,174,0.000000,0.000000,0.876969,0.950000,0.024972,-0.707792,0.876969,0.129436,0.781530,0.000000,0.950000,0.781530,139.973843,17.999634,87.098974,0.302284,18,452.22
20260607_152856,455.573,1,Left,4304,99.395911,98.280669,99.395911,0.000000,0.010025,0.007584,0.026070,165,0.000000,0.000000,0.659516,0.950000,0.025367,-0.376615,0.659516,0.057378,0.779648,0.000000,0.950000,0.779648,86.897343,18.231437,43.683966,0.224239,7,217.30
20260607_152856,455.573,1,Right,4271,99.391243,99.274175,99.391243,0.000000,0.020461,0.022435,0.055172,175,0.000000,0.000000,0.876969,0.950000,0.025167,-0.707792,0.876969,0.129209,0.781735,0.000000,0.950000,0.781735,139.638845,17.999634,86.755088,0.301887,18,217.30
20260607_152856,460.588,1,Left,4346,99.401749,98.297285,99.401749,0.000000,0.010003,0.007583,0.026017,166,0.000000,0.000000,0.659516,0.950000,0.025701,-0.376615,0.659516,0.057402,0.779870,0.000000,0.950000,0.779870,86.834165,18.231437,43.619385,0.224198,7,229.12
20260607_152856,460.588,1,Right,4313,99.397171,99.281243,99.397171,0.000000,0.020434,0.022621,0.054992,177,0.000000,0.000000,0.876969,0.950000,0.025696,-0.707792,0.876969,0.129246,0.780476,0.000000,0.950000,0.780476,139.054957,17.999634,86.161561,0.300991,18,229.12
20260607_152856,465.602,1,Left,4389,99.407610,98.313967,99.407610,0.000000,0.009964,0.007537,0.025918,167,0.000000,0.000000,0.659516,0.950000,0.025482,-0.376615,0.659516,0.057120,0.779729,0.000000,0.950000,0.779729,86.661358,18.231437,43.445170,0.223805,7,209.94
20260607_152856,465.602,1,Right,4356,99.403122,99.288338,99.403122,0.000000,0.020387,0.022413,0.054871,178,0.000000,0.000000,0.876969,0.950000,0.024707,-0.707792,0.876969,0.128977,0.781701,0.000000,0.950000,0.781701,139.381080,17.999634,86.478009,0.301411,18,209.94
20260607_152856,470.613,1,Left,4433,99.413490,98.330702,99.413490,0.000000,0.009938,0.007489,0.025849,169,0.000000,0.000000,0.659516,0.950000,0.025387,-0.376615,0.659516,0.057156,0.779711,0.000000,0.950000,0.779711,86.591455,18.231437,43.373855,0.223841,7,445.49
20260607_152856,470.613,1,Right,4400,99.409091,99.295455,99.409091,0.000000,0.020376,0.022294,0.054848,180,0.000000,0.000000,0.876969,0.950000,0.024788,-0.707792,0.876969,0.129795,0.781541,0.000000,0.950000,0.781541,138.864515,17.999634,85.951740,0.301292,18,445.49
20260607_152856,475.620,1,Left,4476,99.419124,98.346738,99.419124,0.000000,0.009914,0.007484,0.025803,170,0.000000,0.000000,0.659516,0.950000,0.025745,-0.376615,0.659516,0.057208,0.779886,0.000000,0.950000,0.779886,86.494678,18.231437,43.275726,0.223733,7,444.12
20260607_152856,475.620,1,Right,4443,99.414810,99.302273,99.414810,0.000000,0.020550,0.022521,0.055195,181,0.000000,0.000000,0.876969,0.950000,0.025780,-0.707792,0.876969,0.130629,0.781063,0.000000,0.950000,0.781063,138.544743,17.999634,85.639855,0.301657,18,444.12
20260607_152856,480.629,1,Left,4519,99.424651,98.362470,99.424651,0.000000,0.009912,0.007437,0.025774,172,0.000000,0.000000,0.659516,0.950000,0.025708,-0.376615,0.659516,0.057492,0.779759,0.000000,0.950000,0.779759,86.353946,18.231437,43.133667,0.223670,7,444.78
20260607_152856,480.629,1,Right,4485,99.420290,99.219621,99.420290,0.000000,0.020484,0.022321,0.055058,182,0.000000,0.000000,0.876969,0.950000,0.024877,-0.707792,0.876969,0.130640,0.782222,0.000000,0.950000,0.782222,139.797614,17.999634,86.883657,0.302615,18,444.78
20260607_152856,485.630,1,Left,4560,99.429825,98.377193,99.429825,0.000000,0.009896,0.007396,0.025736,173,0.000000,0.000000,0.659516,0.950000,0.025327,-0.376615,0.659516,0.057376,0.779846,0.000000,0.950000,0.779846,86.281453,18.231437,43.059932,0.223602,7,449.74
20260607_152856,485.630,1,Right,4526,99.425541,99.226690,99.425541,0.000000,0.020326,0.022123,0.054650,183,0.000000,0.000000,0.876969,0.950000,0.024967,-0.707792,0.876969,0.129772,0.783280,0.000000,0.950000,0.783280,140.042956,17.999634,87.120309,0.302587,18,449.74
20260607_152856,490.641,1,Left,4603,99.435151,98.392353,99.435151,0.000000,0.010039,0.007720,0.025963,177,0.000000,0.000000,0.659516,0.950000,0.025527,-0.376615,0.659516,0.058000,0.779802,0.000000,0.950000,0.779802,86.193026,18.231437,42.970729,0.223796,7,212.48
20260607_152856,490.641,1,Right,4567,99.430698,99.233633,99.430698,0.000000,0.020233,0.022337,0.054348,185,0.000000,0.000000,0.876969,0.950000,0.025409,-0.707792,0.876969,0.129274,0.782207,0.000000,0.950000,0.782207,139.589074,17.999634,86.657894,0.301585,18,212.48
20260607_152856,495.649,1,Left,4643,99.440017,98.406203,99.440017,0.000000,0.010237,0.007718,0.026213,180,0.000000,0.000000,0.659516,0.950000,0.025942,-0.376615,0.659516,0.058518,0.780099,0.000000,0.950000,0.780099,86.192358,18.231437,42.968888,0.224165,7,450.13
20260607_152856,495.649,1,Right,4607,99.435641,99.240287,99.435641,0.000000,0.020311,0.022212,0.054461,186,0.000000,0.000000,0.876969,0.950000,0.024910,-0.707792,0.876969,0.129281,0.783038,0.000000,0.950000,0.783038,139.476375,17.999634,86.537018,0.301688,18,450.13
20260607_152856,500.657,1,Left,4690,99.445629,98.166311,99.445629,0.000000,0.010279,0.007715,0.026308,182,0.000000,0.000000,0.659516,0.950000,0.025689,-0.376615,0.659516,0.059572,0.780024,0.000000,0.950000,0.780024,86.117687,18.231437,42.892866,0.224668,7,453.54
20260607_152856,500.657,1,Right,4653,99.441221,99.247797,99.441221,0.000000,0.020384,0.022431,0.054541,188,0.000000,0.000000,0.876969,0.950000,0.024759,-0.707792,0.876969,0.129988,0.782192,0.000000,0.950000,0.782192,139.249038,17.999634,86.300452,0.301767,18,453.54
20260607_152856,505.666,1,Left,4731,99.450433,98.182202,99.450433,0.000000,0.010292,0.007684,0.026288,183,0.000000,0.000000,0.659516,0.950000,0.025267,-0.376615,0.659516,0.059464,0.780370,0.000000,0.950000,0.780370,86.256622,18.231437,43.030644,0.225034,7,443.70
20260607_152856,505.666,1,Right,4694,99.446101,99.254367,99.446101,0.000000,0.020424,0.022299,0.054509,189,0.000000,0.000000,0.876969,0.950000,0.025709,-0.707792,0.876969,0.130226,0.782876,0.000000,0.950000,0.782876,139.235373,17.999634,86.278714,0.302135,18,443.70
20260607_152856,510.676,1,Left,4770,99.454927,98.197065,99.454927,0.000000,0.010345,0.007698,0.026289,187,0.000000,0.000000,0.659516,0.950000,0.025377,-0.376615,0.659516,0.059644,0.780780,0.000000,0.950000,0.780780,86.216950,18.231437,42.989889,0.225129,7,455.80
20260607_152856,510.676,1,Right,4733,99.450666,99.260511,99.450666,0.000000,0.020598,0.022362,0.054692,191,0.000000,0.000000,0.876969,0.950000,0.025839,-0.707792,0.876969,0.131508,0.781870,0.000000,0.950000,0.781870,138.834645,17.999634,85.933177,0.302878,18,455.80
20260607_152856,515.684,1,Left,4810,99.459459,97.858628,99.459459,0.000000,0.010336,0.007699,0.026224,188,0.000000,0.000000,0.659516,0.950000,0.025544,-0.376615,0.659516,0.059602,0.780634,0.000000,0.950000,0.780634,86.090279,18.231437,42.862127,0.224841,7,445.16
20260607_152856,515.684,1,Right,4773,99.455269,99.266709,99.455269,0.000000,0.020762,0.022405,0.054905,192,0.000000,0.000000,0.876969,0.950000,0.025015,-0.707792,0.876969,0.132056,0.782316,0.000000,0.950000,0.782316,140.130482,17.999634,87.224166,0.303735,18,445.16
20260607_152856,520.692,1,Left,4852,99.464138,97.877164,99.464138,0.000000,0.010247,0.007651,0.026045,189,0.000000,0.000000,0.659516,0.950000,0.025323,-0.376615,0.659516,0.059086,0.780648,0.000000,0.950000,0.780648,85.969750,18.231437,42.740471,0.224362,7,449.07
20260607_152856,520.692,1,Right,4812,99.459684,99.272652,99.459684,0.000000,0.020636,0.022223,0.054595,193,0.000000,0.000000,0.876969,0.950000,0.025234,-0.707792,0.876969,0.131407,0.783270,0.000000,0.950000,0.783270,141.723236,17.999634,88.809086,0.304407,18,449.07
20260607_152856,525.698,1,Left,4893,99.468629,97.894952,99.468629,0.000000,0.010212,0.007604,0.025923,190,0.000000,0.000000,0.659516,0.950000,0.025503,-0.376615,0.659516,0.058984,0.780657,0.000000,0.950000,0.780657,85.840407,18.231437,42.610047,0.224054,7,228.83
20260607_152856,525.698,1,Right,4851,99.464028,99.278499,99.464028,0.000000,0.020470,0.022051,0.054199,194,0.000000,0.000000,0.876969,0.950000,0.025031,-0.707792,0.876969,0.130351,0.784199,0.000000,0.950000,0.784199,142.079135,17.999634,89.157277,0.304378,18,228.83
20260607_152856,530.707,1,Left,4935,99.473151,97.912867,99.473151,0.000000,0.010175,0.007570,0.025796,192,0.000000,0.000000,0.659516,0.950000,0.025552,-0.376615,0.659516,0.058862,0.780357,0.000000,0.950000,0.780357,85.739295,18.231437,42.507846,0.223804,7,449.89
20260607_152856,530.707,1,Right,4893,99.468629,99.284692,99.468629,0.000000,0.020481,0.022310,0.054044,195,0.000000,0.000000,0.876969,0.950000,0.025445,-0.707792,0.876969,0.130281,0.783444,0.000000,0.950000,0.783444,141.793866,17.999634,88.864254,0.303959,18,449.89
20260607_152856,535.707,1,Left,4977,99.477597,97.930480,99.477597,0.000000,0.010152,0.007547,0.025650,194,0.000000,0.000000,0.659516,0.950000,0.025603,-0.376615,0.659516,0.058632,0.780639,0.000000,0.950000,0.780639,85.763075,18.231437,42.530556,0.223832,7,214.08
20260607_152856,535.707,1,Right,4935,99.473151,99.290780,99.473151,0.000000,0.020499,0.022173,0.054056,197,0.000000,0.000000,0.876969,0.950000,0.025539,-0.707792,0.876969,0.130638,0.784269,0.000000,0.950000,0.784269,141.632119,17.999634,88.694481,0.304194,18,214.08
20260607_152856,540.712,1,Left,5020,99.482072,97.948207,99.482072,0.000000,0.010065,0.007503,0.025519,195,0.000000,0.000000,0.659516,0.950000,0.025384,-0.376615,0.659516,0.058129,0.780531,0.000000,0.950000,0.780531,85.649694,18.231437,42.416098,0.223423,7,460.26
20260607_152856,540.712,1,Right,4978,99.477702,99.296906,99.477702,0.000000,0.020574,0.022076,0.054163,198,0.000000,0.000000,0.876969,0.950000,0.024556,-0.707792,0.876969,0.130674,0.784371,0.000000,0.950000,0.784371,141.161625,17.999634,88.215910,0.303685,18,460.26
20260607_152856,545.713,1,Left,5065,99.486673,97.966436,99.486673,0.000000,0.010052,0.007505,0.025485,197,0.000000,0.000000,0.659516,0.950000,0.025376,-0.376615,0.659516,0.058256,0.780495,0.000000,0.950000,0.780495,85.508266,18.231437,42.273563,0.223227,7,457.49
20260607_152856,545.713,1,Right,5021,99.482175,99.302928,99.482175,0.000000,0.020691,0.022232,0.054434,200,0.000000,0.000000,0.876969,0.950000,0.024952,-0.707792,0.876969,0.131592,0.783132,0.000000,0.950000,0.783132,141.464602,17.999634,88.562101,0.304509,18,457.49
20260607_152856,550.722,1,Left,5115,99.491691,97.986315,99.491691,0.000000,0.010040,0.007453,0.025499,198,0.000000,0.000000,0.659516,0.950000,0.025708,-0.376615,0.659516,0.058437,0.780601,0.000000,0.950000,0.780601,85.429285,18.231437,42.193374,0.223199,7,218.01
20260607_152856,550.722,1,Right,5070,99.487179,99.309665,99.487179,0.000000,0.020566,0.022018,0.054141,201,0.000000,0.000000,0.876969,0.950000,0.025326,-0.707792,0.876969,0.131008,0.784261,0.000000,0.950000,0.784261,142.401048,17.999634,89.489171,0.305092,18,218.01
20260607_152856,555.728,1,Left,5157,99.495831,98.002715,99.495831,0.000000,0.010013,0.007424,0.025429,199,0.000000,0.000000,0.659516,0.950000,0.025456,-0.376615,0.659516,0.058308,0.780500,0.000000,0.950000,0.780500,85.307453,18.231437,42.070546,0.222942,7,231.58
20260607_152856,555.728,1,Right,5111,99.491293,99.315203,99.491293,0.000000,0.020401,0.021998,0.053759,202,0.000000,0.000000,0.876969,0.950000,0.025123,-0.707792,0.876969,0.129957,0.784458,0.000000,0.950000,0.784458,142.126614,17.999634,89.207030,0.304187,18,231.58
20260607_152856,560.741,1,Left,5198,99.499808,98.018469,99.499808,0.000000,0.009983,0.007386,0.025356,201,0.000000,0.000000,0.659516,0.950000,0.025416,-0.376615,0.659516,0.058324,0.780573,0.000000,0.950000,0.780573,85.265993,18.231437,42.028129,0.222964,7,240.86
20260607_152856,560.741,1,Right,5152,99.495342,99.320652,99.495342,0.000000,0.020368,0.021993,0.053652,204,0.000000,0.000000,0.876969,0.950000,0.025084,-0.707792,0.876969,0.129994,0.784411,0.000000,0.950000,0.784411,141.830719,17.999634,88.903552,0.303924,18,240.86
20260607_152856,565.747,1,Left,5241,99.503911,98.034726,99.503911,0.000000,0.009967,0.007382,0.025332,202,0.000000,0.000000,0.659516,0.950000,0.025685,-0.376615,0.659516,0.058322,0.780655,0.000000,0.950000,0.780655,85.160725,18.231437,41.921873,0.222749,7,202.98
20260607_152856,565.747,1,Right,5194,99.499422,99.326146,99.499422,0.000000,0.020461,0.022174,0.053782,205,0.000000,0.000000,0.876969,0.950000,0.025653,-0.707792,0.876969,0.130213,0.783274,0.000000,0.950000,0.783274,141.459983,17.999634,88.560455,0.303804,18,202.98
20260607_152856,570.747,1,Left,5285,99.508042,98.051088,99.508042,0.000000,0.009958,0.007339,0.025348,204,0.000000,0.000000,0.659516,0.950000,0.025571,-0.376615,0.659516,0.058492,0.780535,0.000000,0.950000,0.780535,85.020471,18.231437,41.780626,0.222581,7,453.10
20260607_152856,570.747,1,Right,5237,99.503533,99.331678,99.503533,0.000000,0.020401,0.022001,0.053624,206,0.000000,0.000000,0.876969,0.950000,0.025039,-0.707792,0.876969,0.129905,0.784242,0.000000,0.950000,0.784242,142.625885,17.999634,89.718367,0.304474,18,453.10
20260607_152856,575.750,1,Left,5330,99.512195,98.067542,99.512195,0.000000,0.009942,0.007301,0.025316,205,0.000000,0.000000,0.659516,0.950000,0.025392,-0.376615,0.659516,0.058525,0.780613,0.000000,0.950000,0.780613,84.969140,18.231437,41.728296,0.222586,7,427.47
20260607_152856,575.750,1,Right,5282,99.507762,99.337372,99.507762,0.000000,0.020263,0.021840,0.053274,207,0.000000,0.000000,0.876969,0.950000,0.025220,-0.707792,0.876969,0.129257,0.785033,0.000000,0.950000,0.785033,142.596469,17.999634,89.680730,0.304272,18,427.47
20260607_152856,580.754,1,Left,5373,99.516099,98.083008,99.516099,0.000000,0.009935,0.007308,0.025324,206,0.000000,0.000000,0.659516,0.950000,0.025696,-0.376615,0.659516,0.058604,0.780761,0.000000,0.950000,0.780761,84.897325,18.231437,41.655541,0.222514,7,449.60
20260607_152856,580.754,1,Right,5324,99.511645,99.342600,99.511645,0.000000,0.020384,0.021991,0.053511,211,0.000000,0.000000,0.876969,0.950000,0.025634,-0.707792,0.876969,0.129374,0.784087,0.000000,0.950000,0.784087,142.222256,17.999634,89.335911,0.304123,18,449.60
20260607_152856,585.756,1,Left,5417,99.520030,98.098579,99.520030,0.000000,0.009930,0.007275,0.025318,208,0.000000,0.000000,0.659516,0.950000,0.025711,-0.376615,0.659516,0.058916,0.780686,0.000000,0.950000,0.780686,84.802073,18.231437,41.559344,0.222514,7,446.87
20260607_152856,585.756,1,Right,5368,99.515648,99.347988,99.515648,0.000000,0.020339,0.021836,0.053432,212,0.000000,0.000000,0.876969,0.950000,0.025029,-0.707792,0.876969,0.129219,0.784990,0.000000,0.950000,0.784990,142.391741,17.999634,89.497314,0.304409,18,446.87
20260607_152856,590.767,1,Left,5461,99.523897,98.113899,99.523897,0.000000,0.009898,0.007263,0.025262,209,0.000000,0.000000,0.659516,0.950000,0.025407,-0.376615,0.659516,0.058697,0.780750,0.000000,0.950000,0.780750,84.794285,18.231437,41.550626,0.222520,7,225.56
20260607_152856,590.767,1,Right,5411,99.519497,99.353169,99.519497,0.000000,0.020332,0.021742,0.053361,214,0.000000,0.000000,0.876969,0.950000,0.025173,-0.707792,0.876969,0.129764,0.784721,0.000000,0.950000,0.784721,141.921870,17.999634,89.019671,0.304103,18,225.56
20260607_152856,595.778,1,Left,5506,99.527788,98.129313,99.527788,0.000000,0.009887,0.007235,0.025232,210,0.000000,0.000000,0.659516,0.950000,0.025645,-0.376615,0.659516,0.058751,0.780812,0.000000,0.950000,0.780812,84.747248,18.231437,41.502653,0.222529,7,449.17
20260607_152856,595.778,1,Right,5454,99.523286,99.358269,99.523286,0.000000,0.020395,0.021645,0.053433,215,0.000000,0.000000,0.876969,0.950000,0.026101,-0.707792,0.876969,0.130160,0.784941,0.000000,0.950000,0.784941,141.617297,17.999634,88.707449,0.303984,18,449.17
20260607_152856,600.786,1,Left,5551,99.531616,98.144478,99.531616,0.000000,0.009876,0.007210,0.025207,212,0.000000,0.000000,0.659516,0.950000,0.025743,-0.376615,0.659516,0.059042,0.780868,0.000000,0.950000,0.780868,84.685408,18.231437,41.439893,0.222623,7,239.25
20260607_152856,600.786,1,Right,5498,99.527101,99.363405,99.527101,0.000000,0.020475,0.021560,0.053677,216,0.000000,0.000000,0.876969,0.950000,0.025331,-0.707792,0.876969,0.130818,0.785616,0.000000,0.950000,0.785616,141.461524,17.999634,88.543974,0.304511,18,239.25
20260607_152856,605.796,1,Left,5596,99.535382,98.159400,99.535382,0.000000,0.009852,0.007207,0.025187,213,0.000000,0.000000,0.659516,0.950000,0.025260,-0.376615,0.659516,0.058876,0.780841,0.000000,0.950000,0.780841,84.618798,18.231437,41.372377,0.222534,7,446.73
20260607_152856,605.796,1,Right,5543,99.530940,99.368573,99.530940,0.000000,0.020527,0.021718,0.053887,218,0.000000,0.000000,0.876969,0.950000,0.024884,-0.707792,0.876969,0.131750,0.786100,0.000000,0.950000,0.786100,141.374171,17.999634,88.448871,0.305048,18,446.73
20260607_152856,610.799,1,Left,5636,99.538680,98.172463,99.538680,0.000000,0.009873,0.007176,0.025198,214,0.000000,0.000000,0.659516,0.950000,0.025437,-0.376615,0.659516,0.059193,0.780984,0.000000,0.950000,0.780984,84.610268,18.231437,41.363054,0.222766,7,212.25
20260607_152856,610.799,1,Right,5583,99.534301,99.373097,99.534301,0.000000,0.020628,0.021654,0.054119,219,0.000000,0.000000,0.876969,0.950000,0.025711,-0.707792,0.876969,0.132314,0.786774,0.000000,0.950000,0.786774,141.305648,17.999634,88.373564,0.305664,18,212.25
20260607_152856,615.802,1,Left,5683,99.542495,98.187577,99.542495,0.000000,0.009901,0.007139,0.025273,216,0.000000,0.000000,0.659516,0.950000,0.025739,-0.376615,0.659516,0.059519,0.781112,0.000000,0.950000,0.781112,84.565835,18.231437,41.317704,0.222904,7,223.72
20260607_152856,615.802,1,Right,5630,99.538188,99.271758,99.538188,0.000000,0.020703,0.021500,0.054189,221,0.000000,0.000000,0.876969,0.950000,0.025739,-0.707792,0.876969,0.133208,0.787870,0.000000,0.950000,0.787870,141.515107,17.999634,88.575177,0.306620,18,223.72
20260607_152856,620.807,1,Left,5730,99.546248,98.202443,99.546248,0.000000,0.009887,0.007102,0.025280,217,0.000000,0.000000,0.659516,0.950000,0.025490,-0.376615,0.659516,0.059592,0.781055,0.000000,0.950000,0.781055,84.475623,18.231437,41.226589,0.222847,7,228.01
20260607_152856,620.807,1,Right,5677,99.542012,99.277788,99.542012,0.000000,0.020658,0.021362,0.054163,222,0.000000,0.000000,0.876969,0.950000,0.025094,-0.707792,0.876969,0.132954,0.788658,0.000000,0.950000,0.788658,141.309641,17.999634,88.361994,0.306444,18,228.01
20260607_152856,625.808,1,Left,5777,99.549939,98.217068,99.549939,0.000000,0.009868,0.007104,0.025206,219,0.000000,0.000000,0.659516,0.950000,0.025331,-0.376615,0.659516,0.059565,0.781122,0.000000,0.950000,0.781122,84.404285,18.231437,41.154365,0.222781,7,409.24
20260607_152856,625.808,1,Right,5723,99.545693,99.283593,99.545693,0.000000,0.020661,0.021495,0.054159,224,0.000000,0.000000,0.876969,0.950000,0.025328,-0.707792,0.876969,0.133209,0.787992,0.000000,0.950000,0.787992,141.277875,17.999634,88.334944,0.306526,18,409.24
20260607_152856,630.822,1,Left,5826,99.553725,98.232063,99.553725,0.000000,0.009853,0.007061,0.025230,220,0.000000,0.000000,0.659516,0.950000,0.025571,-0.376615,0.659516,0.059551,0.781137,0.000000,0.950000,0.781137,84.323596,18.231437,41.072765,0.222650,7,239.73
20260607_152856,630.822,1,Right,5772,99.549550,99.255024,99.549550,0.000000,0.020554,0.021331,0.053931,225,0.000000,0.000000,0.876969,0.950000,0.025696,-0.707792,0.876969,0.132936,0.788770,0.000000,0.950000,0.788770,141.453449,17.999634,88.502631,0.306685,18,239.73
20260607_152856,635.833,1,Left,5877,99.557597,98.247405,99.557597,0.000000,0.009939,0.007168,0.025452,224,0.000000,0.000000,0.659516,0.950000,0.025779,-0.376615,0.659516,0.059881,0.780904,0.000000,0.950000,0.780904,84.248238,18.231437,40.997698,0.222701,7,221.66
20260607_152856,635.833,1,Right,5823,99.553495,99.261549,99.553495,0.000000,0.020467,0.021207,0.053801,226,0.000000,0.000000,0.876969,0.950000,0.025223,-0.707792,0.876969,0.132377,0.788563,0.000000,0.950000,0.788563,140.958950,17.999634,88.000066,0.305743,18,221.66
